category	symbol
engine_data_and_aliases	_TheStringPackage
engine_data_and_aliases	_actorLocationalMins
engine_data_and_aliases	_bg_aimSpreadMoveSpeedThreshold
engine_data_and_aliases	_bg_bobAmplitudeDucked
engine_data_and_aliases	_bg_bobAmplitudeProne
engine_data_and_aliases	_bg_bobAmplitudeStanding
engine_data_and_aliases	_bg_bobMax
engine_data_and_aliases	_bg_foliagesnd_fastinterval
engine_data_and_aliases	_bg_foliagesnd_maxspeed
engine_data_and_aliases	_bg_foliagesnd_minspeed
engine_data_and_aliases	_bg_foliagesnd_resetinterval
engine_data_and_aliases	_bg_foliagesnd_slowinterval
engine_data_and_aliases	_bg_iNumWeapons
engine_data_and_aliases	_bg_swingSpeed
engine_data_and_aliases	_bg_weaponDefs
engine_data_and_aliases	_bgs
engine_data_and_aliases	_bulletPriorityMap
engine_data_and_aliases	_ch_buf
engine_data_and_aliases	_cl_paused
engine_data_and_aliases	_cl_shownet
engine_data_and_aliases	_cm
engine_data_and_aliases	_cmd_text
engine_data_and_aliases	_cmd_texts
engine_data_and_aliases	_cmd_wait
engine_data_and_aliases	_com_animCheck
engine_data_and_aliases	_com_consoleLines
engine_data_and_aliases	_com_dedicated
engine_data_and_aliases	_com_developer
engine_data_and_aliases	_com_developer_script
engine_data_and_aliases	_com_errorEntered
engine_data_and_aliases	_com_expectedHunkUsage
engine_data_and_aliases	_com_fileAccessed
engine_data_and_aliases	_com_fixedConsolePosition
engine_data_and_aliases	_com_fixedtime
engine_data_and_aliases	_com_frameNumber
engine_data_and_aliases	_com_frameTime
engine_data_and_aliases	_com_introPlayed
engine_data_and_aliases	_com_logfile
engine_data_and_aliases	_com_maxfps
engine_data_and_aliases	_com_numConsoleLines
engine_data_and_aliases	_com_playerProfile
engine_data_and_aliases	_com_recommendedSet
engine_data_and_aliases	_com_statmon
engine_data_and_aliases	_com_sv_running
engine_data_and_aliases	_com_timescale
engine_data_and_aliases	_com_timescaleValue
engine_data_and_aliases	_com_viewlog
engine_data_and_aliases	_controller_names
engine_data_and_aliases	_currentPos
engine_data_and_aliases	_dvarCount
engine_data_and_aliases	_dvar_modifiedFlags
engine_data_and_aliases	_effectActiveCount
engine_data_and_aliases	_effectActiveCountBolt
engine_data_and_aliases	_effectActiveCountNonBolt
engine_data_and_aliases	_effectBlockSightCount
engine_data_and_aliases	_effectClusterCount
engine_data_and_aliases	_effectListBolt
engine_data_and_aliases	_effectListNonBolt
engine_data_and_aliases	_fs_basegame
engine_data_and_aliases	_fs_basepath
engine_data_and_aliases	_fs_cdpath
engine_data_and_aliases	_fs_checksumFeed
engine_data_and_aliases	_fs_copyfiles
engine_data_and_aliases	_fs_debug
engine_data_and_aliases	_fs_fakeChkSum
engine_data_and_aliases	_fs_gameDirVar
engine_data_and_aliases	_fs_gamedir
engine_data_and_aliases	_fs_homepath
engine_data_and_aliases	_fs_ignoreLocalized
engine_data_and_aliases	_fs_loadStack
engine_data_and_aliases	_fs_numServerReferencedIwds
engine_data_and_aliases	_fs_restrict
engine_data_and_aliases	_fs_searchpaths
engine_data_and_aliases	_fs_serverIwdNames
engine_data_and_aliases	_fs_serverIwds
engine_data_and_aliases	_fs_serverReferencedIwdNames
engine_data_and_aliases	_fs_useOldAssets
engine_data_and_aliases	_fsh
engine_data_and_aliases	_fx_scheduler_ptr
engine_data_and_aliases	_fx_visMinTraceDist
engine_data_and_aliases	_gConsoleRunning
engine_data_and_aliases	_g_EndPos
engine_data_and_aliases	_g_NoScriptSpam
engine_data_and_aliases	_g_ScoresBanner_Allies
engine_data_and_aliases	_g_ScoresBanner_Axis
engine_data_and_aliases	_g_ScoresBanner_None
engine_data_and_aliases	_g_ScoresBanner_Spectators
engine_data_and_aliases	_g_TeamColor_Allies
engine_data_and_aliases	_g_TeamColor_Axis
engine_data_and_aliases	_g_TeamName_Allies
engine_data_and_aliases	_g_TeamName_Axis
engine_data_and_aliases	_g_allowVote
engine_data_and_aliases	_g_antilag
engine_data_and_aliases	_g_banIPs
engine_data_and_aliases	_g_cheats
engine_data_and_aliases	_g_clients
engine_data_and_aliases	_g_clonePlayerMaxVelocity
engine_data_and_aliases	_g_deadChat
engine_data_and_aliases	_g_debugBullets
engine_data_and_aliases	_g_debugDamage
engine_data_and_aliases	_g_debugLocDamage
engine_data_and_aliases	_g_dedicated
engine_data_and_aliases	_g_default
engine_data_and_aliases	_g_dropForwardSpeed
engine_data_and_aliases	_g_dropUpSpeedBase
engine_data_and_aliases	_g_dropUpSpeedRand
engine_data_and_aliases	_g_dumpAnims
engine_data_and_aliases	_g_effectVisArray
engine_data_and_aliases	_g_effectVisArrayCount
engine_data_and_aliases	_g_entities
engine_data_and_aliases	_g_entities_ptr
engine_data_and_aliases	_g_fHitLocDamageMult
engine_data_and_aliases	_g_friendlyNameDist
engine_data_and_aliases	_g_friendlyfireDist
engine_data_and_aliases	_g_gametype
engine_data_and_aliases	_g_gravity
engine_data_and_aliases	_g_hudelems
engine_data_and_aliases	_g_inactivity
engine_data_and_aliases	_g_knockback
engine_data_and_aliases	_g_listEntity
engine_data_and_aliases	_g_log
engine_data_and_aliases	_g_logSync
engine_data_and_aliases	_g_mantleBlockTimeBuffer
engine_data_and_aliases	_g_maxDroppedWeapons
engine_data_and_aliases	_g_maxclients
engine_data_and_aliases	_g_motd
engine_data_and_aliases	_g_oldVoting
engine_data_and_aliases	_g_password
engine_data_and_aliases	_g_playerCollisionEjectSpeed
engine_data_and_aliases	_g_rendererExists
engine_data_and_aliases	_g_sa
engine_data_and_aliases	_g_scr_data
engine_data_and_aliases	_g_script_error
engine_data_and_aliases	_g_script_error_level
engine_data_and_aliases	_g_smoothClients
engine_data_and_aliases	_g_speed
engine_data_and_aliases	_g_synchronousClients
engine_data_and_aliases	_g_time_ptr
engine_data_and_aliases	_g_traceThreadInfo
engine_data_and_aliases	_g_useholdspawndelay
engine_data_and_aliases	_g_useholdtime
engine_data_and_aliases	_g_voiceChatTalkingDuration
engine_data_and_aliases	_g_voteAbstainWeight
engine_data_and_aliases	_g_weaponAmmoPools
engine_data_and_aliases	_gameInitialized
engine_data_and_aliases	_globalFilename
import_slots	_imp_Com_SafeServerDObjFree
import_slots	_imp_FS_FullPath_f
import_slots	_imp_FS_Path_f
import_slots	_imp_G_FreeEntity
import_slots	_imp_G_RegisterWeapon
import_slots	_imp_SV_XModelGet
import_slots	_imp_bg_iNumWeapons
import_slots	_imp_bg_itemlist
import_slots	_imp_bg_numItems
import_slots	_imp_bgs
import_slots	_imp_bulletPriorityMap
import_slots	_imp_cm
import_slots	_imp_com_dedicated
import_slots	_imp_com_errorEntered
import_slots	_imp_com_fixedConsolePosition
import_slots	_imp_com_frameTime
import_slots	_imp_com_sv_running
import_slots	_imp_dvar_modifiedFlags
import_slots	_imp_entityHandlers
import_slots	_imp_fs_fakeChkSum
import_slots	_imp_fs_gamedir
import_slots	_imp_fs_numServerIwds
import_slots	_imp_fs_searchpaths
import_slots	_imp_fs_serverIwdNames
import_slots	_imp_fs_serverIwds
import_slots	_imp_fsh
import_slots	_imp_fxSchedulers
import_slots	_imp_g_EndPos
import_slots	_imp_g_antilag
import_slots	_imp_g_entities
import_slots	_imp_g_hudelems
import_slots	_imp_g_scr_data
import_slots	_imp_g_traceThreadInfo
import_slots	_imp_hintStrings
import_slots	_imp_legacyHacks
import_slots	_imp_level
import_slots	_imp_level_bgs
import_slots	_imp_net_lanauthorize
import_slots	_imp_pmoveHandlers
import_slots	_imp_riflePriorityMap
import_slots	_imp_scrAnimPub
import_slots	_imp_scrCompileGlob
import_slots	_imp_scrCompilePub
import_slots	_imp_scrParserPub
import_slots	_imp_scrVarPub
import_slots	_imp_scrVmPub
import_slots	_imp_singleClientEvents
import_slots	_imp_sv
import_slots	_imp_sv_allowDownload
import_slots	_imp_sv_floodProtect
import_slots	_imp_sv_gametype
import_slots	_imp_sv_kickBanTime
import_slots	_imp_sv_mapRotation
import_slots	_imp_sv_mapRotationCurrent
import_slots	_imp_sv_maxPing
import_slots	_imp_sv_maxRate
import_slots	_imp_sv_maxclients
import_slots	_imp_sv_minPing
import_slots	_imp_sv_privateClients
import_slots	_imp_sv_privatePassword
import_slots	_imp_sv_pure
import_slots	_imp_sv_reconnectlimit
import_slots	_imp_sv_serverId_value
import_slots	_imp_sv_serverid
import_slots	_imp_sv_showCommands
import_slots	_imp_sv_voice
import_slots	_imp_svs
import_slots	_imp_theFxScheduler
import_slots	_imp_var_typename
import_slots	_imp_vec3_origin
engine_data_and_aliases	_infoParms
engine_data_and_aliases	_itemRegistered
engine_data_and_aliases	_kbitmask
engine_data_and_aliases	_lastValidBase
engine_data_and_aliases	_lastValidGame
engine_data_and_aliases	_legacyHacks
engine_data_and_aliases	_legacyHacksArray
engine_data_and_aliases	_level
engine_data_and_aliases	_level_bgs
engine_data_and_aliases	_loc_forceEnglish
engine_data_and_aliases	_loc_language
engine_data_and_aliases	_loc_translate
engine_data_and_aliases	_loc_warnings
engine_data_and_aliases	_loc_warningsAsErrors
engine_data_and_aliases	_loopbacks
engine_data_and_aliases	_mtlLoadGlob
engine_data_and_aliases	_net_lanauthorize
engine_data_and_aliases	_net_profile
engine_data_and_aliases	_net_profile_dvar
engine_data_and_aliases	_net_showprofile
engine_data_and_aliases	_nextmap
engine_data_and_aliases	_packetDebug
engine_data_and_aliases	_playerMins
engine_data_and_aliases	_player_adsExitDelay
engine_data_and_aliases	_player_backSpeedScale
engine_data_and_aliases	_player_breath_fire_delay
engine_data_and_aliases	_player_breath_gasp_lerp
engine_data_and_aliases	_player_breath_gasp_scale
engine_data_and_aliases	_player_breath_gasp_time
engine_data_and_aliases	_player_breath_hold_lerp
engine_data_and_aliases	_player_breath_hold_time
engine_data_and_aliases	_player_breath_snd_delay
engine_data_and_aliases	_player_breath_snd_lerp
engine_data_and_aliases	_player_dmgtimer_flinchTime
engine_data_and_aliases	_player_dmgtimer_maxTime
engine_data_and_aliases	_player_dmgtimer_minScale
engine_data_and_aliases	_player_dmgtimer_stumbleTime
engine_data_and_aliases	_player_dmgtimer_timePerPoint
engine_data_and_aliases	_player_meleeHeight
engine_data_and_aliases	_player_meleeRange
engine_data_and_aliases	_player_meleeWidth
engine_data_and_aliases	_player_moveThreshhold
engine_data_and_aliases	_player_scopeExitOnDamage
engine_data_and_aliases	_player_strafeSpeedScale
engine_data_and_aliases	_player_toggleBinoculars
engine_data_and_aliases	_player_turnAnims
engine_data_and_aliases	_rcon_password
engine_data_and_aliases	_saLoadObjGlob
engine_data_and_aliases	_scrAnimGlob
engine_data_and_aliases	_scrAnimPub
engine_data_and_aliases	_scrCompileGlob
engine_data_and_aliases	_scrCompilePub
engine_data_and_aliases	_scrMemTreeGlob
engine_data_and_aliases	_scrMemTreePub
engine_data_and_aliases	_scrParserGlob
engine_data_and_aliases	_scrParserPub
engine_data_and_aliases	_scrStringGlob
engine_data_and_aliases	_scrVarGlob
engine_data_and_aliases	_scrVarPub
engine_data_and_aliases	_scrVmGlob
engine_data_and_aliases	_scrVmPub
engine_data_and_aliases	_scr_const
engine_data_and_aliases	_scr_const_ptr
engine_data_and_aliases	_shortversion
engine_data_and_aliases	_showdrop
engine_data_and_aliases	_showpackets
engine_data_and_aliases	_showpackets_dvar
engine_data_and_aliases	_sortedDvars
engine_data_and_aliases	_startOffset
address_named_literals	_str_002157b8
address_named_literals	_str_002b3f60
engine_data_and_aliases	_sv
engine_data_and_aliases	_sv_allowAnonymous
engine_data_and_aliases	_sv_allowDownload
engine_data_and_aliases	_sv_allowedClan1
engine_data_and_aliases	_sv_allowedClan2
engine_data_and_aliases	_sv_cheats
engine_data_and_aliases	_sv_debugRate
engine_data_and_aliases	_sv_debugReliableCmds
engine_data_and_aliases	_sv_dedicated_dvar
engine_data_and_aliases	_sv_disableClientConsole
engine_data_and_aliases	_sv_floodProtect
engine_data_and_aliases	_sv_fps
engine_data_and_aliases	_sv_gametype
engine_data_and_aliases	_sv_hostname
engine_data_and_aliases	_sv_iwdNames
engine_data_and_aliases	_sv_iwds
engine_data_and_aliases	_sv_kickBanTime
engine_data_and_aliases	_sv_mapRotation
engine_data_and_aliases	_sv_mapRotationCurrent
engine_data_and_aliases	_sv_mapname
engine_data_and_aliases	_sv_maxPing
engine_data_and_aliases	_sv_maxRate
engine_data_and_aliases	_sv_maxRate_dvar
engine_data_and_aliases	_sv_maxclients
engine_data_and_aliases	_sv_maxclients_dvar
engine_data_and_aliases	_sv_minPing
engine_data_and_aliases	_sv_minPingRate_dvar
engine_data_and_aliases	_sv_packet_info
engine_data_and_aliases	_sv_padPackets
engine_data_and_aliases	_sv_padPackets_dvar
engine_data_and_aliases	_sv_paused
engine_data_and_aliases	_sv_privateClients
engine_data_and_aliases	_sv_privatePassword
engine_data_and_aliases	_sv_ptr
engine_data_and_aliases	_sv_pure
engine_data_and_aliases	_sv_reconnectlimit
engine_data_and_aliases	_sv_referencedIwdNames
engine_data_and_aliases	_sv_referencedIwds
engine_data_and_aliases	_sv_serverId_value
engine_data_and_aliases	_sv_serverid
engine_data_and_aliases	_sv_showAverageBPS
engine_data_and_aliases	_sv_showCommands
engine_data_and_aliases	_sv_timeout
engine_data_and_aliases	_sv_voice
engine_data_and_aliases	_sv_voiceQuality
engine_data_and_aliases	_sv_zombietime
engine_data_and_aliases	_svs
engine_data_and_aliases	_svs_ptr
engine_data_and_aliases	_sys_packetReceived
engine_data_and_aliases	_theFxHelper
engine_data_and_aliases	_theFxHelpers
engine_data_and_aliases	_trace_mins
engine_data_and_aliases	_turretInfo
engine_data_and_aliases	_ui_errorMessage
engine_data_and_aliases	_ui_errorTitle
engine_data_and_aliases	_ui_playerProfileAlreadyChosen
engine_data_and_aliases	_updateScreenCalled
engine_data_and_aliases	_voice_deadChat
engine_data_and_aliases	_voice_global
engine_data_and_aliases	_voice_localEcho
engine_data_and_aliases	_weaponStrings
