directory	constant-size-overflow	format/varargs	implicit-pointer/integer	integer-to-pointer	library-ABI	narrowing	pointer-to-integer	pointer-type-mismatch	pointer/integer-comparison
src/Mac/DirectX_9	0	2	0	0	0	75	3	58	0
src/Mac/Main	0	0	0	0	0	4	1	0	0
src/Mac/Tools	0	0	0	5	0	18	6	3	1
src/PC/EffectsCore	2	0	0	0	0	8	3	0	0
src/PC/bgame	0	0	0	0	0	9	1	0	0
src/PC/botlib	0	0	0	0	0	9	0	0	0
src/PC/cgame	0	0	0	2	0	1	1	0	0
src/PC/cgame_mp	0	0	0	29	0	0	1	0	0
src/PC/client_mp	0	0	0	0	0	20	5	0	0
src/PC/game	0	0	0	0	0	3	0	0	0
src/PC/game_mp	0	0	0	4	0	48	1	0	0
src/PC/gfx_d3d	2	0	0	25	0	107	35	0	0
src/PC/qcommon	0	0	0	1	1	10	43	0	0
src/PC/script	0	0	0	4	0	88	3	0	0
src/PC/server_mp	0	0	0	5	0	10	21	0	0
src/PC/stringed	0	0	0	0	0	9	2	0	0
src/PC/ui	0	0	0	0	0	2	0	0	0
src/PC/ui_mp	0	0	0	1	0	11	6	0	0
src/PC/universal	0	0	0	0	0	49	0	0	0
src/PC/win32	0	0	1	0	0	26	1	0	4
src/PC/xanim	0	0	0	2	0	8	1	0	0
src/PC/zlib	0	0	0	0	0	3	0	0	0
src/unix	0	0	0	0	0	1	0	0	0
